Name,Title,First_name,Middle_name,Last_name
Fares Al-Hejailan,,Fares,,Al-Hejailan
David Almroth,,David,,Almroth
Aled Batey,,Aled,,Batey
Simone Bono,,Simone,,Bono
Christopher Davis,,Christopher,,Davis
Thijs P. Flokstra,.,Thijs,P.,Flokstra
Daniel French,,Daniel,,French
Iñaki Gabilondo,,Iñaki,,Gabilondo
Andrew Hagan,,Andrew,,Hagan
Dr. Mario Hüther,Dr.,. Mario,,Hüther
Kyle Lakin,,Kyle,,Lakin
Max Lang,,Max,,Lang
Dr. Frank Laudenklos,Dr.,. Frank,,Laudenklos
Michael Levitt,,Michael,,Levitt
Francesco Lombardo,,rancesco,,Lombardo
Mandeep Lotay,,Mandeep,,Lotay
Haris Meyer Hanif,,Haris,,Hanif
Alexander Mitchell,,Alexander,,Mitchell
Thomas Ng,,Thomas,,Ng
Jerome Ranawake,,Jerome,,Ranawake
Brian Rance,,rian,,Rance
Denise Ryan,,Denise,,Ryan
Cristina Esteve,,ristina,,Esteve
Koen Vanlaer,,Koen,,Vanlaer
Dr. Dennis Chinnow,Dr.,. Dennis,,Chinnow
Vanessa Steiner (née Lawrenz),,Vanessa,,Lawrenz)
Mehdi Ali,,Mehdi,,Ali
Michael Blau,,Michael,,Blau
Tabasam Faqir,,Tabasam,,Faqir
Maxim Frolov,,Maxim,,Frolov
Andrea Giaretta,,Andrea,,Giaretta
Kate Hatcher,,Kate,,Hatcher
Tumise Jegede,,Tumise,,Jegede
Peter Mason,,Peter,,Mason
Alberto Nurzia,,Alberto,,Nurzia
Walid J. Salib,.,Walid,J.,Salib
Claudia Cavalli,,Claudia,,Cavalli
Julia Horbach,,Julia,,Horbach
Aino Makisalo,,Aino,,Makisalo
Skyler Splinter,,Skyler,,Splinter
Yara Bevaart,,Yara,,Bevaart
